id,date,status,display_above,experience
08a4dcef576a4e69bfcc18395b3678e3,2021-04-14,Completed,2D,None of the above
f00df380882a44358142d03b416f6959,2021-04-26,Completed,3D,Professor / Researcher
b8ff4dbd2a2c45cba408b153a6f8d1ee,2021-04-26,Completed,2D,Postdoc
bfc29918626542d881cdacb0906ac61b,2021-04-26,Started,,
5ed8d6ce41c445cd8917b7e7f0d89a20,2021-04-14,Completed,3D,Postdoc
27da8108241d4db090e00dabd5fb3172,2021-04-26,Completed,3D,Professor / Researcher
3d8374a76c3443378c65ec10b19d57a2,2021-04-26,Completed,3D,Professor / Researcher
f302c3faa4554d5f963a1edb953dbd55,2021-04-14,Completed,2D,Professor / Researcher
a5995e252b124c7eadb8e1d492b49b88,2021-04-26,Completed,2D,PhD Student
ec6b412c471942708c0695896f25fbef,2021-04-14,Completed,2D,Professor / Researcher
d916cbbeee1d46aea3daad5cb4d663ea,2021-04-26,Completed,2D,Professor / Researcher
f9146049448a4bb3b23a2d9dd6041bc5,2021-04-14,Completed,2D,Professor / Researcher
a70a37f359f849039e05d058f0f6e395,2021-04-26,Completed,2D,Professor / Researcher
f85f310c4fa84c73bb83b5e08125bd48,2021-04-14,Completed,3D,Professor / Researcher
7432b015a4cf4b6e90b979023ca67b94,2021-04-14,Completed,2D,Professor / Researcher
3a524173f883400abc182e4340c24c24,2021-04-14,Completed,2D,Professor / Researcher
3a098f6a71b54a608208aba65cfb449d,2021-04-26,Completed,3D,Postdoc
2227e97863f1432eada9da39334bcbb3,2021-04-14,Completed,3D,None of the above
a49796255d97433dbf51723ac68776cb,2021-04-14,Completed,3D,None of the above
1c81aad16c0340e898cb4b442d532378,2021-04-26,Completed,2D,PhD Student
64b8b8742fc0409aa3ab7586191c46d5,2021-04-26,Completed,3D,PhD Student
9e756e6e0f87493bb237aea4b087e70c,2021-04-14,Completed,2D,Professor / Researcher
a36a2e4aed0d47b2ae3c5992ad98dde9,2021-04-26,Completed,2D,Professor / Researcher
377910feeeb642e7a4f9e7a4af1ea259,2021-04-14,Completed,3D,Professor / Researcher
054c41896c444f57b71de8aedefb138a,2021-04-14,Accepted,3D,
cc9eacf1900f4e7b83121d0ca094be01,2021-04-26,Completed,2D,Professor / Researcher
d5c9cd565cb246c29ec13fe77f16b194,2021-04-15,Completed,3D,Professor / Researcher
19c723cd011a42cd85453d406dcc8bcd,2021-04-26,Completed,3D,Professor / Researcher
eb49625bf1f442119b1c35de4b13bc30,2021-04-16,Completed,2D,PhD Student
28b1bcdedca74012bff0bcb7306ab16a,2021-04-26,Completed,3D,Postdoc
b4cd8295e77a46e1b6859cc0b8f33627,2021-04-26,Completed,2D,Professor / Researcher
b402dfd5a35c46f2844ac9993ccdc9a6,2021-04-26,Completed,2D,None of the above
3bb05fb7830049ebbb93c9f55a917ad9,2021-04-26,Completed,3D,Professor / Researcher
2d0c4639b330408c8037a8cddf7bfe5c,2021-04-26,Completed,2D,Professor / Researcher
c3d4a877a0604f02b96360227977c022,2021-04-26,Accepted,3D,
303eb3320bdb4ca29e44fac117fef2e4,2021-04-26,Completed,2D,Professor / Researcher
e59d3694a95641ffb35a23b2355a5158,2021-04-26,Completed,2D,Postdoc
11f4cb50476b4ec296fa9ebc743e973b,2021-04-26,Completed,2D,Professor / Researcher
b44e23205a2c4a958c8787f672c863c1,2021-04-26,Completed,3D,Professor / Researcher
9bd11a3195ca4c4297cc21c7ac34c44c,2021-04-26,Completed,3D,PhD Student
b7ab29e0356a4a5fb953e9968f8189fa,2021-04-26,Completed,2D,Professor / Researcher
894e8d4d62ed4b5e962a007b53cf55eb,2021-04-26,Completed,2D,Postdoc
32fda214b03b4fa78dec084a2eb354ba,2021-04-26,Completed,3D,PhD Student
71692c3fc2d648d680a9c43b13391e28,2021-04-26,Completed,2D,PhD Student
2b2b73dc979344dd817077f684e81dc6,2021-04-26,Accepted,3D,
20e01e183b4441989a4208fb77bcc0e5,2021-04-26,Completed,2D,Postdoc
187990b0b31c4e2382ca2233163867f0,2021-04-26,Completed,3D,Professor / Researcher
a9dbc49fba644db6808017ceae9ae342,2021-04-26,Completed,2D,Professor / Researcher
fc9ec0348ff44bebbc64906c17c4a7fe,2021-04-26,Completed,2D,Professor / Researcher
70a06128fae14e47ae6e744798a4a27a,2021-04-26,Started,,
877ece094b9744df912e1755671ce55c,2021-04-26,Completed,3D,Professor / Researcher
b778cdff8c6f445284d41c33b337726f,2021-04-26,Completed,3D,Professor / Researcher
9d9756e43fe04ef39db0f2445e411f43,2021-04-26,Completed,2D,Professor / Researcher
0751a64d2801465e9403cfb9240ff752,2021-04-26,Completed,3D,Professor / Researcher
63e1c4c535c4466d9a14aed2328859ed,2021-04-26,Completed,2D,Professor / Researcher
8257ac001b494345ad0cb80347740df3,2021-04-26,Completed,2D,Professor / Researcher
07bd9e86a1714373b4cea5cf5a48ab2d,2021-04-26,Started,,
090ea7358cfc4d26a6388eee79244fce,2021-04-26,Completed,3D,PhD Student
7509340f0863464e9787d5b5edad7f25,2021-04-26,Completed,3D,Professor / Researcher
87932c5044a44fc5a1d610cd9c44d907,2021-04-26,Completed,3D,Professor / Researcher
2710d55d519948bb8e17274689d36686,2021-04-27,Completed,3D,Professor / Researcher
d6ff3a307f25437e8db9181c535b66b7,2021-04-26,Completed,3D,None of the above
b5f8ca3549fc467681b546713f038b97,2021-04-27,Completed,2D,Professor / Researcher
ea39f9c8966e43daaff61d8b1514a8ca,2021-04-26,Completed,2D,PhD Student
23b88060aa2641b9a0a5497c8d724414,2021-04-26,Completed,3D,Professor / Researcher
438efdda71ba4f279cc665907ca49498,2021-04-27,Completed,3D,Professor / Researcher
9b356506688049d3b71b9f7d21f97952,2021-04-27,Completed,3D,PhD Student
8c110354367e4816b5adf60ca9b0f992,2021-04-27,Completed,2D,Professor / Researcher
00d617035a4b4786a063bb05c40c9fae,2021-04-27,Started,,
6ddba2a7f7b945c9a465f9ea4408011c,2021-04-27,Completed,2D,Professor / Researcher
3c7daaf7a37a44198bcc0728d823d293,2021-04-27,Completed,3D,Professor / Researcher
157295184a67464fa39457e35b55cae8,2021-04-27,Completed,3D,None of the above
671e096048d547958c986d430c8e15df,2021-04-27,Completed,2D,Professor / Researcher
c6a2f268af654b8f91b2a7b87b67cff4,2021-04-27,Completed,3D,PhD Student
7cd4fed8989b479a850c70df308fe7be,2021-04-27,Completed,3D,Professor / Researcher
9d6953ffea2c4eb395a9887f92b24252,2021-05-03,Completed,3D,Professor / Researcher
1408ec37df094fe0b368696d513b6d69,2021-04-27,Completed,2D,Professor / Researcher
cc5195fc867b4a1f87150e3d64fd1f92,2021-04-29,Completed,3D,None of the above
f6ce2949247b4258ad12e2a5f4146c51,2021-04-27,Completed,3D,Professor / Researcher
e2e2743b063d42399cf2c0c48d2f40c2,2021-04-29,Completed,3D,Professor / Researcher
914d231c7ba24c06a6cf7e5b5f2575dc,2021-04-27,Completed,2D,Postdoc
d4747865eae141b4bede53ad5d701071,2021-04-29,Completed,3D,Professor / Researcher
4a77b540b5824f589d90d55b64e24169,2021-04-28,Completed,3D,Professor / Researcher
289145ce29ce41d488e4d1776507b010,2021-04-29,Accepted,2D,
46baa563e9c6449ca88414fa5deb3515,2021-04-28,Completed,2D,Professor / Researcher
50d8ff5cd9f44b13aff71bd64bcadb85,2021-05-03,Completed,3D,None of the above
f9d8bc09b83244b0a28933df8129ad7a,2021-04-28,Completed,2D,None of the above
5457bc83c019442793b7d4d78a55a600,2021-04-29,Completed,2D,Professor / Researcher
1af0f316349d4815b3ceab39926cb8be,2021-04-28,Completed,2D,PhD Student
0c77510ef9c147a19a4664362b1b7930,2021-04-29,Completed,2D,Professor / Researcher
e730a518c309466aaa6809108c432bdc,2021-04-28,Completed,2D,Professor / Researcher
eb76d66fbb6743ada313adb7f1010e21,2021-04-29,Completed,2D,PhD Student
0415426322114a69a142dc280d3b52aa,2021-04-28,Completed,3D,Professor / Researcher
2126f514e64642aabecfcc3e0c77187b,2021-05-03,Completed,2D,Professor / Researcher
7de85769a09f4fb3a5031c93aa88ed34,2021-04-28,Completed,2D,Professor / Researcher
def19bc93989429aa19bd526b7dc254e,2021-04-29,Completed,3D,Professor / Researcher
7318458ad1ff42b0aea3ce101e5dc648,2021-04-28,Completed,2D,Professor / Researcher
c7a9c296e8a0418ab5c1421533eaffa6,2021-04-30,Completed,2D,PhD Student
bd1043cec31f47258f0417af1fa884e9,2021-04-28,Completed,2D,Professor / Researcher
c6c7fd8b5ee142dda287dbd6e4fd8479,2021-04-29,Completed,3D,Professor / Researcher
f92f3880389e425cae61c62304d50a9f,2021-04-28,Completed,2D,Professor / Researcher
05e214a658694a63aff01451a64c89f4,2021-05-03,Accepted,3D,
ea0543d145734b9aaea3f99e083fc73c,2021-04-28,Completed,2D,Professor / Researcher
ed0bfa7057674ab98f2937732156a6c6,2021-04-29,Completed,3D,PhD Student
7668b4a0a571433f897c9e06630636c7,2021-04-28,Completed,3D,Professor / Researcher
a6bbd804a7b04a62bbf374f1753abdee,2021-04-29,Accepted,3D,
8731dc7f9bac4f708cd9ef4c3d86cf9b,2021-04-28,Completed,2D,None of the above
7a4eb3da9c594a37a5bbafc8d6907a08,2021-04-29,Accepted,2D,
8d657a19f6c24d688c5893951fa3bcaf,2021-04-29,Accepted,3D,
5194ed643f76434e97d1996658ea8e03,2021-04-30,Completed,3D,PhD Student
61a9da74e34646efa2d7706d6733f013,2021-04-29,Accepted,3D,
f27a2bb98e654ef88f58e3c9ddf9cc97,2021-04-29,Completed,2D,Professor / Researcher
2ee4782c208b433fa581b6c03893137e,2021-04-29,Completed,3D,Professor / Researcher
3499b9c9c1464a0c8dc2141088366789,2021-04-29,Completed,3D,Postdoc
0d9851ec711e4ff591a7aef445e9bda9,2021-04-30,Accepted,3D,
ba159fd91d7f4b69a38decc99e286b79,2021-04-29,Completed,3D,Professor / Researcher
3527f7ba856946769b75c96cefd2b58c,2021-04-29,Completed,3D,PhD Student
9b68313c77c047c08793ef690014b37b,2021-05-03,Completed,3D,Professor / Researcher
1c409eb0de9e4ae7986b84f7ee9b205e,2021-04-29,Completed,2D,Professor / Researcher
e7aa4b3afe29457c8e1fdede6a1b354f,2021-04-30,Completed,3D,Professor / Researcher
5cacf3fbffb44ca0be79174027b46885,2021-04-29,Completed,2D,Professor / Researcher
a46a6b8cc7a44417858cd7a8f64c6963,2021-05-03,Accepted,2D,
f7324c7ea6c34388b4961d7bdcbb7c70,2021-04-29,Completed,2D,Postdoc
e4dacecdd48f4061be6ac1d18aed4c3e,2021-05-03,Accepted,2D,
fda2b76b2b2e4a9abcafed182070d8b6,2021-04-29,Completed,3D,Professor / Researcher
1717d03314594c78b630fe4d5a5933d2,2021-04-30,Completed,2D,None of the above
d33b1a9bc2f843b393192a6fa1721ba2,2021-04-30,Accepted,2D,
4122db8d928a4e9a976f8acafab9a1b5,2021-05-01,Accepted,3D,
b224a842539d46b5b4c9c54b10325b51,2021-05-03,Completed,3D,None of the above
b7a5b1654f2d4f33be08a7b6613725cb,2021-05-03,Completed,2D,Postdoc
0cc23138297e4cbbb95bab3e63614315,2021-05-03,Started,,
8e2c1145b7874db78d7b225afb8d0d8c,2021-05-03,Completed,3D,Professor / Researcher
c8d4edb9f217406b9fa6f8ed97b5ac86,2021-05-03,Accepted,3D,
0e38ad09b651441dad660e9352be5782,2021-05-03,Completed,3D,PhD Student
146e0dd3516845f7a5004ef788aac6ee,2021-05-03,Completed,2D,None of the above
544af8b1f6534d88aa5330d15b59f79a,2021-05-03,Completed,2D,PhD Student
8fb06cee905348f89fa22c072c6307f5,2021-05-03,Accepted,3D,
0c7873fd134c4649b5222ce7c9365e8a,2021-05-03,Completed,3D,None of the above
7e84e971c46045bd841eae156c7842f4,2021-05-03,Completed,3D,None of the above
94d435ca398b47028f5074f84afd152b,2021-05-03,Completed,2D,None of the above
5fb8118bee534dee862e1bedfa8f9869,2021-05-03,Completed,2D,None of the above
773cc9d231564c7887ce34a2047e9f76,2021-05-03,Accepted,2D,
faf9b9c20b404ebcb16835f4cd504602,2021-05-03,Completed,2D,PhD Student
a8be97a00ffd4909b5db0926259c452c,2021-05-03,Accepted,2D,
f732cd9e7fc84ba287ebbb032677e89b,2021-05-03,Completed,3D,None of the above
72203587546743ce800b46ebaf9d1192,2021-05-03,Completed,3D,None of the above
2f28d7fa611e484c9a3ac16b020d2d00,2021-05-03,Accepted,2D,
a5ef6dc338f04261bbb0e0bd969f3642,2021-05-03,Completed,3D,None of the above
c46818c50986476aa8a820f5ab4b1332,2021-05-03,Completed,2D,None of the above
8a2c5ffeff00409eb9935897ef538651,2021-05-03,Completed,3D,None of the above
2805f929ac8a4f83b92eabaa129f5585,2021-05-03,Accepted,3D,
11971dddbc144626a18344c72af76e97,2021-05-03,Completed,3D,None of the above
530d447a1d2e4f1f8258a2834db8dad0,2021-05-04,Completed,2D,PhD Student
ed0d98ef467249f1b5e3d4ed3dfcb20b,2021-05-03,Completed,3D,None of the above
39fd99ea5bc84139a13e3b88774f2194,2021-05-05,Completed,3D,None of the above
e0b868654b084d579a3eee0b21522e74,2021-05-03,Completed,2D,None of the above
28c3a49247fc43a08437046a3177ab3e,2021-05-05,Started,,
0a0023c28f9c41f7b919e25ac4d744e6,2021-05-04,Completed,2D,None of the above
8d87475f705f4762a2169269c4ad666b,2021-05-03,Completed,3D,None of the above
384e8e8212c5447bbd96ce8eab7f34f4,2021-05-05,Completed,2D,Professor / Researcher
eb34c28d5949442ba8aa381aa4c4ff55,2021-05-03,Completed,3D,None of the above
06dbdeca38ca42d4915539553894157a,2021-05-04,Completed,2D,Professor / Researcher
89024c34de4c477e9ad043f2df0aca62,2021-05-03,Completed,3D,None of the above
dda5b1bacebd411294d2609fee986632,2021-05-05,Accepted,2D,
659dd9c170ec4095ac6c37a695383920,2021-05-03,Completed,3D,None of the above
f5f51e96c1524a4586bae542c7eb387d,2021-05-04,Completed,3D,Professor / Researcher
5314d078f99643cda9afb3c921c56064,2021-05-03,Completed,2D,Professor / Researcher
6050a32286c046579d85fd0ad6907b4a,2021-05-03,Started,,
5a23d39bc8f647caac5bf37c776ee1f2,2021-05-03,Completed,3D,None of the above
0bf45a9643ca4ed4ad8950fc23d081f4,2021-05-07,Completed,2D,Professor / Researcher
add1b5b52a204c968e3a7ebc259a3a55,2021-05-04,Completed,3D,None of the above
47c08b82f6a24e6b9f45037873591532,2021-05-03,Completed,2D,None of the above
cdcfad3d69de439d9d15c96e48551bb7,2021-05-05,Completed,2D,Postdoc
cbbb0434f39148d087dae56a1f335efc,2021-05-03,Completed,2D,Professor / Researcher
25dd648e719a4f9a985ab5cf522c3386,2021-05-04,Completed,3D,Professor / Researcher
ebe0eb36090a448c8bfbe97ff7ba9a65,2021-05-03,Completed,3D,None of the above
fcc807975e2a4a11a87dbbd0b008e7e0,2021-05-03,Accepted,2D,
af95d9826a57485e8b64adcab13cddff,2021-05-06,Accepted,3D,
400963e8d72740ae80e912918dde1b07,2021-05-03,Completed,3D,None of the above
72d34607ebdb4ff3bf5e5683e1ecce7d,2021-05-05,Completed,3D,Professor / Researcher
747623f192074d1eb0beff4774a9c07a,2021-05-04,Completed,3D,None of the above
f255522c11cd4e009caea0b9ff2d13cf,2021-05-03,Completed,3D,None of the above
e35ed75f32474410bdcdb378296773c3,2021-05-05,Completed,3D,Professor / Researcher
eafea9539b984c94831cdbae104168e9,2021-05-03,Completed,2D,Professor / Researcher
5b7516d4d56a46c98382b9db666a474c,2021-05-04,Completed,2D,None of the above
361bad0de76943d3be386d334ab663e0,2021-05-03,Completed,2D,None of the above
d4ac41f6892d46e0a0a129106983f897,2021-05-03,Started,,
44b6b8a0ced3418891e8eb268f539839,2021-05-04,Accepted,2D,
6a2f639109054645b06af77c72afbe3f,2021-05-03,Completed,2D,None of the above
dfcd4bcd9fdb4da8a946fa27334b3a53,2021-05-05,Accepted,3D,
9dc5b0e82d1841079ac20d56a0db5715,2021-05-04,Completed,3D,None of the above
809ea16c45404dca9111c2b543f2f841,2021-05-04,Completed,3D,None of the above
849a492042bd4d9f8349b68b17b88f2e,2021-05-04,Completed,3D,None of the above
8ded9110fe124839b995d149dd3a36cc,2021-05-04,Started,,
04af61092df44ad2ab5cc54d4218668d,2021-05-04,Completed,3D,Professor / Researcher
871b4969a9ea4a4ebca3c80c117cd6e6,2021-05-04,Accepted,3D,
c75d827fdafa400fb24e8bad158972ae,2021-05-04,Completed,3D,None of the above
afe2f403285343d992e7c43966a8893a,2021-05-05,Completed,2D,Professor / Researcher
1b11e199ce1846b5930419c40373064e,2021-05-05,Completed,2D,Professor / Researcher
5d664ffc756c48d6bac432ea68c003f9,2021-05-05,Accepted,3D,
4f3c08d913c843ba8faa9280d85a6748,2021-05-06,Completed,3D,None of the above
7f0d6057943a4108933ffa0b63228694,2021-05-05,Completed,2D,PhD Student
069bd5a74ecf4f75b945ebb13337ad20,2021-05-05,Completed,2D,Postdoc
09b933379d9949948d25615443a001dc,2021-05-05,Completed,2D,Professor / Researcher
c424a03f94c84b6696e347c4ee83ab4d,2021-05-05,Completed,2D,None of the above
7379aa030a584797945799feb54c40db,2021-05-05,Completed,2D,Postdoc
defdbf2b03904bb5adb66aa5bdfcb81b,2021-05-05,Completed,2D,Professor / Researcher
c3cf0a48a98d431caeb2d22182769c78,2021-05-06,Completed,3D,Professor / Researcher
588035e9e1114338973cd97df8ea83bc,2021-05-05,Completed,2D,PhD Student
d4cbb3347f9f4e4caa05739cd00611d0,2021-05-05,Completed,3D,Professor / Researcher
5cf592f9d97f436886048a20a7190f08,2021-05-05,Completed,2D,Professor / Researcher
3dbbddc1c4274fb08c2a3d2efa3d5937,2021-05-06,Completed,2D,Postdoc
05f3863fc0cc4c72a242abde03870391,2021-05-06,Accepted,3D,
1c25ffc6da6647fba7f5f0d6c24eecea,2021-05-05,Completed,2D,None of the above
79d28b5ba7be4e8bbff0bdec9d78f7f0,2021-05-07,Accepted,2D,
af301ccd35a14ac098ef7519c884d391,2021-05-06,Completed,2D,Professor / Researcher
b078c21164344f2695b5e8dbfbd83368,2021-05-06,Completed,3D,None of the above
04fe2e744bc54605b5c1611a5e5265df,2021-05-06,Accepted,2D,
ecaddf5bd3214ec6878488f406bb992d,2021-05-07,Completed,3D,Professor / Researcher
7302ef52572c467ca2986e3c9e98555a,2021-05-07,Completed,2D,Professor / Researcher
f2a8856a6d17414dbb0adc623a89c214,2021-05-07,Completed,3D,Professor / Researcher
54259ecde8034b7c86f81b152b355a15,2021-05-07,Completed,3D,None of the above
5b54d334721947748e6e36df2ed8e866,2021-05-07,Started,,
f97bdfecedd842ec88e73fbe749dbca9,2021-05-07,Completed,3D,Professor / Researcher
3901d7e3245743208e9179b153f3bce2,2021-05-07,Completed,2D,None of the above
364451a2df6447fa9f51640c6ccd1a29,2021-05-08,Started,,
9de3d9390ccc4b26b65988070487bc4c,2021-05-07,Completed,3D,Professor / Researcher
c02a5787bf644e8ea16f5b4185271eea,2021-05-08,Completed,3D,Professor / Researcher
d03ba33131804b16ab2bad4ac73e3089,2021-05-08,Completed,2D,Professor / Researcher
384cfeaffd7d4c82bed344ebe5951a63,2021-05-08,Completed,2D,Professor / Researcher
fb6979e672454ff1bf35a47274f7f3ba,2021-05-08,Completed,3D,Professor / Researcher
cbb7f8421e9a4392bae2b377723945b7,2021-05-09,Started,,
86d4055a53b94120b2a2ae543af26bcb,2021-05-10,Accepted,3D,
d72c717c05674f368dbb224041621460,2021-05-10,Completed,2D,Professor / Researcher
d4e455b8828440fabdc2ce03cb8fdfc2,2021-05-10,Accepted,3D,
6f4cb74be4e048bdbcaa130789c47158,2021-05-11,Completed,2D,PhD Student
5275feb242fe428ca6444dde6bb83c19,2021-05-10,Completed,2D,Professor / Researcher
74882599398642daab074294cda04f45,2021-05-10,Completed,3D,Professor / Researcher
72f2964fa5614e72abe7263985fd7a06,2021-05-10,Completed,2D,Professor / Researcher
d74054120c574289a6511fa5ccdf4651,2021-05-10,Completed,2D,Professor / Researcher
77dd301f97034fb3a1ceeaa79b18e94b,2021-05-10,Completed,3D,Professor / Researcher
5e5abbb1f94a49acbe7ad36dd9c019b7,2021-05-10,Completed,2D,Professor / Researcher
e2d37e7b550b4d7780bd46c7fb79c67b,2021-05-11,Completed,2D,PhD Student
d1357ebad9094329bbd51500c9b4ba2f,2021-05-10,Completed,3D,Professor / Researcher
21d617ccb9ee42128f3decdbc8709fd1,2021-05-10,Completed,3D,None of the above
d8ab868dccdc4c7584e8cf7ead2483ef,2021-05-10,Completed,3D,PhD Student
ddc74e5a64354827a2458f2f4db6c856,2021-05-10,Completed,3D,PhD Student
884de0ebe8ea4a9ca716e72174cba13d,2021-05-11,Completed,3D,PhD Student
444244e3b7cb4a6bba0485f1c6c24e42,2021-05-10,Completed,3D,Professor / Researcher
5d4967819c94486882c742a0c42f4585,2021-05-10,Completed,2D,PhD Student
59ccdcfb5dad4387b96a158aceda81f5,2021-05-11,Completed,2D,PhD Student
15b19d509205428bbcde88a0b8a185da,2021-05-10,Completed,3D,Professor / Researcher
bc819f1acf4140f2a3efb959a1df1bc2,2021-05-10,Completed,3D,Professor / Researcher
0afe274ebc77490b97f69235c93039d2,2021-05-10,Completed,3D,PhD Student
530c4a6e82ec485d87449c696fcc9942,2021-05-10,Completed,3D,Postdoc
360c7c78a17c4589b53d697471587c91,2021-05-10,Completed,2D,Professor / Researcher
d8a3c556345b49efbd2c5ad05dc6b856,2021-05-10,Accepted,3D,
dae9a76f89814588b502e73ec3ee373e,2021-05-10,Accepted,3D,
57836e0ea85049099deac12d137aacd1,2021-05-10,Completed,2D,Professor / Researcher
cec3226de7ce409b92efd8d13a87fe4b,2021-05-10,Completed,2D,Professor / Researcher
f19b47439324439d8c9af77bc85d6c53,2021-05-11,Completed,2D,Professor / Researcher
c573c055c01e4e919313069d152bce58,2021-05-10,Completed,2D,Professor / Researcher
9f9d1d48c94e4321a2c96fd6717d5178,2021-05-10,Completed,2D,Professor / Researcher
f321e92e67f044a4aa00a2f7159de31b,2021-05-10,Completed,2D,Professor / Researcher
73ec66f71c0046a88d41ee67d644d2c0,2021-05-11,Completed,3D,Professor / Researcher
860caf121c32488bb9dda9b846e92131,2021-05-10,Completed,2D,Professor / Researcher
64b582c4248b433ca651750ae9cdfe63,2021-05-10,Completed,2D,Professor / Researcher
afa419da05e1449c8882ddd4d2f9b5a5,2021-05-10,Completed,2D,Professor / Researcher
55b1df5e3a9d4a80b2dd6d08d5c51aaf,2021-05-10,Accepted,2D,
f2bfef1aa57447f08694b21cef97136f,2021-05-10,Accepted,3D,
d917600d6a334078875f513cc7d06fb3,2021-05-10,Completed,3D,Professor / Researcher
b7155f9d591044969fa7b958265ee560,2021-05-11,Completed,2D,PhD Student
d833d0a4938f4ed880cf658fdb775029,2021-05-10,Completed,3D,PhD Student
1fd13f4583734cf49ee7a0ce8bec60ca,2021-05-11,Completed,2D,Professor / Researcher
999712e746b3480f95529aa3592a457c,2021-05-10,Completed,3D,Professor / Researcher
d87ba70e24ea4eb987a9e36960ed772b,2021-05-11,Completed,3D,Professor / Researcher
b13853dd114d4871ae6a79e1ea66386f,2021-05-10,Completed,2D,Professor / Researcher
fddf52de41344d028670c602f5490c09,2021-05-11,Completed,3D,PhD Student
c43869a85b8d4842a4ad91a0dd3df46b,2021-05-11,Completed,3D,PhD Student
3404032455754d4e9e36dca5f415ce58,2021-05-10,Completed,2D,PhD Student
526cdb0662904275ae8ff9096db265a8,2021-05-11,Completed,2D,PhD Student
e221d9218cd94fbfae7b3081f2618290,2021-05-11,Completed,2D,Professor / Researcher
13be31e70b5048b7ae9483952b55e875,2021-05-11,Accepted,3D,
e12d0d71ed064dc68422a0fa47bc9c4c,2021-05-11,Accepted,2D,
38d6322a1576495d8c62ee2f15547bfe,2021-05-11,Completed,2D,Postdoc
594c702dc34d44e28957e56fb47d2b70,2021-05-11,Started,,
5363335e13fe404484faef22bc6885e2,2021-05-11,Completed,3D,Professor / Researcher
a7228e29dd664beea1d88b0786788d42,2021-05-11,Completed,2D,Professor / Researcher
11d761741064429d93213338a5e3feeb,2021-05-11,Completed,2D,None of the above
46c0fd556e304cfaad59b00610932229,2021-05-11,Completed,3D,PhD Student
7ded251b8ec44dbea2a06db17f14028c,2021-05-11,Completed,2D,PhD Student
17f8acf3a04c44f69f0a5c153c4b45eb,2021-05-11,Completed,3D,Professor / Researcher
7afae383a9de4339857c584d463e7a7d,2021-05-11,Accepted,3D,
fd1a28e767f94138ab13dabdae65ab52,2021-05-11,Completed,2D,None of the above
9af468503dbf4a7ba46e14b24de6bf31,2021-05-11,Completed,3D,Professor / Researcher
c144795eaa204293b80ff8194bef1a39,2021-05-11,Started,,
b471964f9ba54eb79e0cad91087bf670,2021-05-11,Completed,2D,PhD Student
dea0d04c580348f694bcd4209522c991,2021-05-11,Completed,2D,Professor / Researcher
104dc79656d949c58018bec19ad40a04,2021-05-12,Completed,3D,Postdoc
c5ebe2f7cb854a6893ddb78ccef40f10,2021-05-12,Completed,3D,PhD Student
94ca37dd93b847c1bc7ff5a50e86ea02,2021-05-12,Completed,3D,Postdoc
4529eae1916c44549c594bdbbc5882b4,2021-05-12,Completed,3D,Professor / Researcher
1210d291606647eba22ddafe1db767bc,2021-05-12,Completed,3D,Professor / Researcher
4df32df7b4384b788402637b8658113a,2021-05-12,Completed,3D,PhD Student
e6fe429665e6400b9a969d3622b9ee0d,2021-05-12,Completed,2D,Professor / Researcher
cbece4f76e0246a88c8d7d5e1a9d1520,2021-05-12,Completed,2D,Postdoc
e0b792501986489789d23975b0849980,2021-05-12,Completed,3D,PhD Student
618c1f0d3fa1445f8d8ab903313e4470,2021-05-24,Completed,3D,Professor / Researcher
99d57ff6306749d3a2f416abaf6963a9,2021-05-24,Completed,3D,Professor / Researcher
789c3ccafe4f456399da16c83fbe313c,2021-05-12,Completed,2D,PhD Student
aab83c0468614088ae51d69d99a84b36,2021-05-12,Completed,3D,PhD Student
69a8641ec64243cdbfc33ad504b4628f,2021-05-12,Started,,
029464ae693b493d881fc3fcb3d8b8a2,2021-05-12,Started,,
726bd2435ac240b88b560be1260a10a6,2021-05-12,Accepted,2D,
0f3043035ac847019b5d8c24f0cb1b4b,2021-05-24,Completed,3D,PhD Student
fff654118d4c435aaafc74481aa949d2,2021-05-12,Completed,3D,Professor / Researcher
3c824295fc744252855d1043ee836ee5,2021-05-24,Completed,2D,Professor / Researcher
909116eefc4d4b319186d39d0fae2545,2021-05-12,Completed,2D,None of the above
c7b42af4f2fb49cf925675fbbe486a27,2021-05-24,Completed,3D,Professor / Researcher
338a7e27edae4e6e83b5a97a065eadf3,2021-05-24,Completed,3D,Professor / Researcher
b6485cde45344c03aaf0bb0d39416654,2021-05-12,Completed,3D,Postdoc
163caa53a70b486482450de3b4a39da9,2021-05-24,Completed,3D,Professor / Researcher
3f0112d578c647989e2ca0dd9df9d3fc,2021-05-13,Completed,3D,PhD Student
a339b5baddde43c09b3216a66fa75999,2021-05-13,Completed,3D,PhD Student
da187d3bafd843dd80a513dc1e228bfb,2021-05-24,Accepted,2D,
971fbd843e474aa29e97bd3a5db9c53d,2021-05-14,Completed,2D,Professor / Researcher
d7c6aa3b00c94d1c8b9c77c18023b607,2021-05-24,Completed,3D,PhD Student
b96dd5e299f64e969922498e1041d619,2021-05-17,Completed,3D,PhD Student
4fe36818c986419c890ac925b77ba293,2021-05-17,Started,,
b0d80eed545e401fb9c61b37acd18c81,2021-05-24,Completed,3D,PhD Student
902928a3984d4cf8b6be4006ea15987e,2021-05-19,Completed,2D,Professor / Researcher
908433721d034b7081ef95ed69b9f6ea,2021-05-24,Completed,3D,Professor / Researcher
772a2f6873544e7194cbde0391136734,2021-05-19,Completed,3D,Professor / Researcher
e59461107cc14107be9172c8ee8705c8,2021-05-24,Accepted,2D,
cba5af166348496e9f3192e61b706b79,2021-05-19,Completed,3D,Professor / Researcher
74b76e36c7014b2a8af5bb052992e412,2021-05-24,Completed,3D,PhD Student
598431db22a242f2ba30a4c5c4eda185,2021-05-19,Completed,2D,PhD Student
0ab621033fc3413e9a4eb72102883004,2021-05-24,Completed,3D,Postdoc
94c965c86c1e4bb28cf44f3bde06e585,2021-05-24,Completed,2D,Professor / Researcher
2e9fc07eb18044d29b20390e7785a774,2021-05-24,Completed,2D,Professor / Researcher
98e17ca13b084ff99375d0bab8544df6,2021-05-25,Completed,3D,Professor / Researcher
1ce81e8b260a43e59b835381965a43a4,2021-05-25,Completed,2D,PhD Student
35c8ce10d5644f4c8c745c51d23054c3,2021-05-24,Completed,2D,Professor / Researcher
42f024da666f45c9a0fa7222bc4f16da,2021-05-24,Completed,2D,Professor / Researcher
3b81c7ed515546199cd9e70150933e68,2021-05-24,Completed,3D,Professor / Researcher
2bc2b7e41bb34b639bdea0397520fab6,2021-05-24,Started,,
2817ac08e537477bb98a44c8c65de89b,2021-05-24,Completed,2D,Professor / Researcher
e380559b6a594dbe905c72395b602517,2021-05-24,Completed,3D,PhD Student
d375c4c3ccd54cf8a1bbb3c28310e2c8,2021-05-24,Completed,2D,Postdoc
2eea6c7164954c63a2e7f0571360813d,2021-05-24,Completed,2D,PhD Student
29171278d8f24297bcdb56e6850f3336,2021-05-24,Completed,2D,PhD Student
61e808412456432ea680338e9fdf6505,2021-05-24,Completed,3D,Professor / Researcher
dc365a3086fc4a08a44bb6389602e95b,2021-05-24,Completed,2D,Professor / Researcher
cd4c0fc8e7594ff38ccd3b2840396650,2021-05-24,Completed,2D,Postdoc
cad2c1dea05f43c1a6c260c1d21bd18c,2021-05-24,Completed,2D,Professor / Researcher
6489b2a8ee98425abef1af6c8bc56ba4,2021-05-24,Completed,2D,PhD Student
12029727621a432eb2aa768910910691,2021-05-24,Completed,2D,None of the above
c8a1255f397040a999be3cc171b477ae,2021-05-24,Accepted,2D,
17fe69b02419484aa2ffd02a758b47e0,2021-05-25,Completed,2D,None of the above
26812e84fcd9429d9e3061946882f73c,2021-05-26,Completed,3D,Professor / Researcher
a499a697ba6147dd86843e1ba8b635aa,2021-05-24,Completed,2D,Professor / Researcher
b0ac7647e3b34eeba1581cb4a89495ac,2021-05-25,Completed,2D,Professor / Researcher
2396551ef65c4a2eb2af419a42e93d47,2021-05-24,Started,,
e503b878ebdd42c78a60a83e69a7da41,2021-05-25,Completed,2D,Professor / Researcher
6939e05a429648379d32029a66340729,2021-05-24,Completed,3D,Professor / Researcher
3beaf26ebe774d4d9475b54c19cc847e,2021-05-25,Accepted,3D,
13934196ce85457cb6a03ef273c4358b,2021-05-25,Completed,3D,Professor / Researcher
74d829d83b8d48ee8d024389d26237fa,2021-05-26,Completed,2D,Professor / Researcher
43856a4058f542cb9b09a315935d7d97,2021-05-26,Completed,3D,PhD Student
3d985b6feacc402bba8745e5b144acf8,2021-05-25,Completed,3D,Professor / Researcher
a38ee735d76f4d5d9334b7fb553073f4,2021-05-25,Accepted,3D,
697bd6a4e77d4250af77962cdf4634af,2021-05-25,Accepted,3D,
dd6177c8333b4ab892a384b391c3dca9,2021-05-26,Completed,3D,Professor / Researcher
10c4400fa8604d67967f7ce5f0240aff,2021-05-26,Completed,2D,PhD Student
dfef20acf5c641b294c3693008c4e98b,2021-05-26,Completed,2D,Professor / Researcher
1ae31ae098454523a8298b397e73793e,2021-05-26,Completed,2D,Professor / Researcher
9f41a7166b9144299d5fbd34a9b572c8,2021-05-26,Completed,3D,Professor / Researcher
1a4a9a4c2c2748cd9c491263d79d136b,2021-05-26,Completed,2D,Professor / Researcher
9e5c490aff2149789d775ee50c0db240,2021-05-26,Completed,3D,Professor / Researcher
7a2fdfbe13ff4dc1b6a93d20772c40e1,2021-05-26,Completed,2D,Professor / Researcher
439950f58db94dedabc6f29106562a0e,2021-05-26,Completed,3D,Professor / Researcher
d47705a6a4cc4a2c9c8a153a8ae89d21,2021-05-26,Completed,2D,Professor / Researcher
330ca83621254beeafc1300a728c4faf,2021-05-26,Completed,2D,Postdoc
3af7132071b84a6494c1b7430df11b0f,2021-06-13,Completed,3D,PhD Student
6cdc3f9bd6b44f50851d07ab3b809672,2021-05-26,Completed,2D,Professor / Researcher
b92c0b6dcbb947ddb57e5b28f464ff80,2021-06-08,Completed,3D,Professor / Researcher
6a5b0f65379249ac8b201ed5580ef7e7,2021-05-26,Completed,3D,Professor / Researcher
3751d45cec9a404bb162939e6138253b,2021-06-10,Completed,3D,Professor / Researcher
b27ea3f735fe484f90141950445eaf4c,2021-05-26,Completed,3D,Professor / Researcher
f94f1d3c34a84a4badc0a35fd01674a6,2021-05-27,Started,,
13b1eed2482146c6868830c2c6f41a98,2021-06-08,Completed,2D,Professor / Researcher
b0119fd39597468aa98ad5f46c153b92,2021-05-27,Completed,2D,Professor / Researcher
398b1efa24f74629ba6867de438631ff,2021-05-27,Accepted,2D,
72ce2a3560d64d819503480c271357a8,2021-05-28,Completed,2D,None of the above
7005584cf46b465db7961eaa8c5792ce,2021-06-14,Accepted,2D,
43e37bb598fe4b97939768cc67d179cf,2021-06-09,Completed,3D,Professor / Researcher
b8ad6dcc79d34c62ad2008544ca4b4d5,2021-05-30,Completed,3D,PhD Student
26cc49f631fa4c86b937855a39995bf2,2021-06-10,Completed,2D,Professor / Researcher
609b003dc7b143e8a8930f3a7f166e2c,2021-05-31,Completed,2D,Professor / Researcher
e5546840c1714375a3275fb28cb26b18,2021-06-09,Completed,2D,Professor / Researcher
95cff717eb3b46f2a559e9b6ed4c45f4,2021-05-31,Completed,2D,None of the above
a4ace3ea00614d188261769f882f2a9d,2021-06-14,Completed,3D,Professor / Researcher
80bc29a8eaf04be08670f1043667f889,2021-05-31,Completed,3D,Professor / Researcher
b3d6fa0fac8f49209d0b421a53076633,2021-05-31,Started,,
adae97be4be74074840ad0ec02bc4031,2021-06-09,Completed,3D,Professor / Researcher
92047f0a89864984be8f36e3a0aa6bad,2021-05-31,Completed,3D,Professor / Researcher
9537a780d8c24e4dbb6043eeb055a2e4,2021-06-10,Completed,2D,Professor / Researcher
2da6b0e7d31745088e1fbd9fed0530d3,2021-05-31,Completed,3D,Professor / Researcher
64d0f77c23c4490c9f5c3b64a6250d7b,2021-06-09,Completed,2D,Professor / Researcher
1e5a0201cd2b49dabd12cb4b9b40cc4f,2021-06-02,Completed,3D,Professor / Researcher
633d5810a89f463eab4021243fe6c7cf,2021-06-14,Completed,2D,Professor / Researcher
6f4a791e5d044b23b247879b0dc3ab2d,2021-06-03,Completed,2D,Professor / Researcher
cb5b175c1c754e1b8c814e2d6b2dfe86,2021-06-14,Completed,2D,Professor / Researcher
79eadd067d0d40ebabfc8325ee810352,2021-06-09,Completed,2D,Professor / Researcher
669e2d28ebbb41cca4e636b20d8a964e,2021-06-03,Completed,3D,Professor / Researcher
c2af6cdece2847b5b800e1ea594ed200,2021-06-10,Completed,2D,Professor / Researcher
7bb8780ab7ad4a6facb27a81a3dac8e9,2021-06-04,Completed,2D,Professor / Researcher
64eeb7d38cd3410387e50bb63718a804,2021-06-07,Accepted,3D,
78698b54a8f242cfbc9867ff3fd9950b,2021-06-09,Accepted,3D,
b9bedc448e484d3c8fb54ca191355617,2021-06-07,Completed,3D,Professor / Researcher
0868d4a6717746228c0f68f35b6144b8,2021-06-09,Completed,2D,PhD Student
3d66a9079f1c41a8b103f681510fa53b,2021-06-07,Completed,3D,Professor / Researcher
6b3d3d95e426479f8dd3b7ac44ea6f32,2021-06-14,Completed,2D,Professor / Researcher
8fcac545a0224f6bb2db133ed7cb7bb4,2021-06-07,Completed,3D,Professor / Researcher
095281a03eb14718943ef1e3160658b0,2021-06-08,Started,,
71c10a7e6da843e58ae182c872f0700a,2021-06-09,Completed,3D,Professor / Researcher
69d5d93c3c7b48659a72d0b7057c772a,2021-06-08,Completed,2D,Professor / Researcher
97cbc7dea51f4dc9ac8419ecfe99469c,2021-06-08,Accepted,3D,
8eb33f1eb75041beb660f0056459e5da,2021-06-10,Completed,2D,Professor / Researcher
801a4918183a4e05bfce1eaa9899203d,2021-06-09,Completed,3D,Professor / Researcher
030e6bf1e01341808df8049a26fb865e,2021-06-10,Accepted,2D,
00dca354e3b8439bb3fd52a1f89ebaf8,2021-06-09,Completed,2D,Professor / Researcher
91d9655ca1854f0a81a2347cae7ae665,2021-06-14,Completed,3D,Postdoc
e0b1acda3fca4a8cad7c6b0bca1a742b,2021-06-10,Completed,2D,Professor / Researcher
2415170715b94a7aae428c307d506e34,2021-06-10,Completed,3D,Professor / Researcher
512fca52400c47d79e2d4985065bd381,2021-06-10,Completed,2D,Professor / Researcher
27111d4607de415b9efeb7b4a559a9fc,2021-06-14,Completed,3D,Professor / Researcher
d9235318251c4ea18fb6903553425731,2021-06-10,Completed,3D,Professor / Researcher
094315f26acb46af8bec19000b650569,2021-06-14,Completed,3D,Professor / Researcher
641d8ec8101d41a496a0ecc2b459379f,2021-06-13,Completed,3D,PhD Student
b1e685c1aa0a4ccd8f356a200046b88a,2021-06-13,Started,,
9e3a910cae9d460db18dd457813ee265,2021-06-14,Completed,3D,Professor / Researcher
c85bb8db94c441fca42ac5f99f23a4cb,2021-06-14,Completed,3D,Professor / Researcher
7234c31409564dff887db3070b25a3d2,2021-06-14,Accepted,2D,
978293698757471682fbbba99a3c319e,2021-06-14,Completed,3D,Professor / Researcher
91170ae3414d48dab5b6a15bc822e472,2021-06-14,Completed,3D,Professor / Researcher
6146ca12f56d47f19ba477d0fa2b1800,2021-06-14,Completed,3D,Professor / Researcher
2935a2027451423cbec0722c32d84d1b,2021-06-14,Accepted,3D,
6365596690a245faa61421a6daceb0c8,2021-06-14,Completed,2D,Professor / Researcher
910b42d47e0e40f3b88f7284e2498d43,2021-06-15,Accepted,2D,
b3376f3040e045f5bd89dbcc4abc7ad9,2021-06-15,Completed,2D,Postdoc
d5c5bca4f0864b8c88ae1694f2ad5651,2021-06-15,Completed,2D,Professor / Researcher
ddef1ed662d344d09bb2ebe48eca95ce,2021-06-15,Completed,2D,Professor / Researcher
a3dcee77babe4ebf8080725f744aeae8,2021-06-15,Completed,2D,Professor / Researcher
8ec8ed5cf40845d68ad8071ef73d8ba0,2021-06-15,Completed,2D,Professor / Researcher
42493754f18147cbb7fa3be8af848bb1,2021-06-15,Accepted,3D,
34b5225d17fa4994b43d17297a57513b,2021-06-15,Completed,3D,Professor / Researcher
e3ad16170b4a4f3e94b2dc433d2fe3f3,2021-06-20,Completed,3D,Postdoc
fc93d69cdf694e2ab5d5a6957d0fc2cb,2021-06-16,Completed,2D,PhD Student
03b2b03ff8004395a021c33df2f04ec2,2021-06-15,Completed,2D,Professor / Researcher
e3c0b0f87abb4ffab27a16feb383dfa1,2021-06-16,Completed,2D,Professor / Researcher
e16d7f5b33f24d9196fa0ca4c1736b64,2021-06-15,Completed,2D,Professor / Researcher
7bae9e761fb4419083b2170cabb1c3ab,2021-06-15,Completed,3D,Professor / Researcher
b31e31fccd7c40febf5c7be38851f531,2021-06-16,Started,,
dcbafc5d58c9453f8985aeca0262be53,2021-06-15,Completed,2D,Professor / Researcher
25f9f4960c874e88a8b52f075c533d89,2021-06-21,Completed,2D,Professor / Researcher
378f36b911cf4f398c4be9f28b79fb08,2021-06-15,Completed,3D,Postdoc
a1fdfe25bf3149bd9fae1f5a056b487e,2021-06-16,Completed,3D,Professor / Researcher
672493ae5a36449cb3ce40f73a404556,2021-06-16,Started,,
fdb4d35dfd054838b585a3141a31be48,2021-06-15,Completed,2D,Professor / Researcher
40bbd13c2e6a49cc88efadfab98b1c8a,2021-06-15,Accepted,3D,
b57fe9738d964a9192077d4062b8be5c,2021-06-15,Started,,
a73b098952bb421dba72d112a03f1c8c,2021-06-16,Completed,2D,Professor / Researcher
583809d1dcc44d1c8290dc29790ed844,2021-06-15,Completed,3D,Postdoc
40c3962412194f318c38a320fcc645a1,2021-06-15,Completed,2D,PhD Student
b2579ac2a7554241a34624bfd829d47b,2021-06-16,Completed,3D,Professor / Researcher
7c65dec1ffed4469ad857457101570a9,2021-06-15,Completed,3D,PhD Student
c64d56581a6349e8b11387caa0b7b7a4,2021-06-21,Completed,3D,Professor / Researcher
7f7429be0fb94cbd98023515b3f739c3,2021-06-15,Completed,2D,PhD Student
4903850b47274b4bb340689a839f90c0,2021-06-16,Completed,2D,PhD Student
a18e16284b7a4729872ee47b8ef1357f,2021-06-15,Completed,2D,Postdoc
4ec9da1382b546cdb46bc4586bf9abee,2021-06-15,Completed,3D,PhD Student
20f5b41ab42f496e9d801bc74a19ae97,2021-06-16,Completed,3D,Professor / Researcher
1c450e2b42114ee3bf41a196420c41ea,2021-06-15,Completed,2D,Professor / Researcher
419a0ae72e1b4070a5160b4a1a5c226f,2021-06-22,Completed,2D,Professor / Researcher
df446da572f2451c991e04df0088d4f5,2021-06-15,Completed,2D,Professor / Researcher
5a85a583a9a647fdb2313c1fa5314808,2021-06-16,Completed,3D,Professor / Researcher
ab6c8f98592c4d35aa0465d3f471c6fb,2021-06-15,Completed,3D,Professor / Researcher
5286df15e0fe4411b02c9538ef162f3d,2021-06-15,Completed,3D,Professor / Researcher
08d5ad9497744c0a998c8496033af689,2021-06-16,Completed,2D,Professor / Researcher
b07ff53bc88545e7a9a7cbf8d9edc381,2021-06-16,Completed,3D,Professor / Researcher
a04135150b3b4f2da9ba334ea61e62be,2021-06-22,Completed,3D,Professor / Researcher
a6bb48295f824c28aa25dd6d7af8408b,2021-06-16,Completed,3D,None of the above
359578eeee57400eb6d60c2f1a18a573,2021-06-16,Accepted,2D,
740f131ed3bf4fee8f6b6fd3b09face2,2021-06-16,Completed,3D,Professor / Researcher
9a55b494ca524a95bd891d2b05e3f149,2021-06-22,Completed,3D,Professor / Researcher
6319f5e1847044808f97efbe73d00882,2021-06-16,Completed,2D,Professor / Researcher
86419c66e88143059ec17b4920d07b38,2021-06-16,Completed,2D,Professor / Researcher
31e2ff993b7c498d8dd0634c68c6020f,2021-06-16,Completed,2D,Professor / Researcher
af80d51f8967449582d5cda8d2dc2fe0,2021-06-16,Started,,
2f8c6efaffd243498c9576d5eee87aaa,2021-06-22,Completed,2D,Professor / Researcher
d1662ad9c314463fa6951c9e7f5be475,2021-06-24,Completed,2D,Professor / Researcher
05110fcae4f2443e890d9a6b482457d8,2021-06-25,Completed,3D,Professor / Researcher
